Station;Name;Date;Average wind speed;Peak gust time;Precipitation;Snowfall;Snow depth;Average Temperature;Maximum temperature;Minimum temperature;Direction of fastest 2-minute wind;Direction of fastest 5-second wind;Fastest 2-minute wind speed;Fastest 5-second wind speed; Fog or ice fog;Heavy fog or heaving freezing fog;Thunder;Smoke or haze
USW00023234;SAN FRANCISCO INTERNATIONAL AIRPORT, CA US;2017-01-12;6.26;;0.30;0.0;0;49;52;45;290;330;16.1;21.0;1;;;
USW00023234;SAN FRANCISCO INTERNATIONAL AIRPORT, CA US;2017-01-13;4.70;;0.00;0.0;0;48;57;40;280;280;14.1;16.1;;;;1
USW00023234;SAN FRANCISCO INTERNATIONAL AIRPORT, CA US;2017-01-14;4.92;;0.00;0.0;0;48;58;40;280;280;17.0;19.9;;;;
USW00023234;SAN FRANCISCO INTERNATIONAL AIRPORT, CA US;2017-01-15;2.68;;0.00;0.0;0;48;52;41;360;30;8.1;10.1;1;;;1
USW00023234;SAN FRANCISCO INTERNATIONAL AIRPORT, CA US;2017-01-16;7.83;;0.00;0.0;0;48;54;44;70;70;16.1;17.0;;;;1
USW00023234;SAN FRANCISCO INTERNATIONAL AIRPORT, CA US;2017-01-17;4.03;;0.00;0.0;0;47;52;41;110;100;15.0;17.0;1;;;1
USW00023234;SAN FRANCISCO INTERNATIONAL AIRPORT, CA US;2017-01-18;12.75;;0.90;;0;50;55;49;200;200;38.9;51.0;1;;;
USW00023234;SAN FRANCISCO INTERNATIONAL AIRPORT, CA US;2017-01-19;11.63;;0.05;0.0;0;54;58;51;230;230;21.9;25.9;;;1;1
USW00023234;SAN FRANCISCO INTERNATIONAL AIRPORT, CA US;2017-01-20;12.97;;1.19;;0;52;56;43;270;260;38.0;49.0;1;;1;1
USW00023234;SAN FRANCISCO INTERNATIONAL AIRPORT, CA US;2017-01-21;12.75;;0.28;;0;52;56;48;140;150;31.1;38.0;;;;
USW00023234;SAN FRANCISCO INTERNATIONAL AIRPORT, CA US;2017-01-22;11.63;;0.68;;0;53;57;47;150;200;33.1;45.0;1;;1;1
USW00023234;SAN FRANCISCO INTERNATIONAL AIRPORT, CA US;2017-01-23;5.37;;0.32;;0;49;54;45;270;300;17.0;21.0;;;;
USW00023234;SAN FRANCISCO INTERNATIONAL AIRPORT, CA US;2017-01-24;5.14;;0.00;0.0;0;47;54;41;290;300;15.0;17.0;;;;
USW00023234;SAN FRANCISCO INTERNATIONAL AIRPORT, CA US;2017-01-25;5.37;;0.00;0.0;0;48;56;41;280;270;15.0;17.0;;;;
USW00023234;SAN FRANCISCO INTERNATIONAL AIRPORT, CA US;2017-01-26;3.80;;0.00;0.0;0;49;56;43;290;280;13.0;14.1;;;;1
USW00023234;SAN FRANCISCO INTERNATIONAL AIRPORT, CA US;2017-01-27;4.92;;0.00;0.0;0;50;58;41;280;260;14.1;17.0;;;;
USW00023234;SAN FRANCISCO INTERNATIONAL AIRPORT, CA US;2017-01-28;3.36;;0.00;0.0;0;49;59;41;140;80;10.1;12.1;;;;
USW00023234;SAN FRANCISCO INTERNATIONAL AIRPORT, CA US;2017-01-29;3.13;;0.00;0.0;0;50;60;41;20;140;8.1;8.9;;;;1
USW00023234;SAN FRANCISCO INTERNATIONAL AIRPORT, CA US;2017-01-30;2.24;;0.00;0.0;0;50;60;42;360;10;8.1;12.1;;;;
USW00023234;SAN FRANCISCO INTERNATIONAL AIRPORT, CA US;2017-01-31;1.12;;0.00;0.0;0;50;59;42;190;170;6.9;8.9;1;;;1
USW00023234;SAN FRANCISCO INTERNATIONAL AIRPORT, CA US;2017-02-01;5.82;;0.01;;0;52;56;47;30;30;19.9;21.0;1;;;1
USW00023234;SAN FRANCISCO INTERNATIONAL AIRPORT, CA US;2017-02-02;10.29;;0.15;0.0;0;55;62;51;130;180;21.0;25.1;1;;;1
USW00023234;SAN FRANCISCO INTERNATIONAL AIRPORT, CA US;2017-02-03;14.54;;0.44;0.0;0;59;61;55;190;200;33.1;42.9;1;;;1
USW00023234;SAN FRANCISCO INTERNATIONAL AIRPORT, CA US;2017-02-04;8.50;;0.18;0.0;0;57;61;53;210;280;14.1;17.0;1;;;
USW00023234;SAN FRANCISCO INTERNATIONAL AIRPORT, CA US;2017-02-05;11.41;;0.16;0.0;0;55;61;50;170;160;33.1;42.9;;;;
USW00023234;SAN FRANCISCO INTERNATIONAL AIRPORT, CA US;2017-02-06;12.53;;0.49;0.0;0;58;60;55;170;170;35.1;49.0;1;;;1
USW00023234;SAN FRANCISCO INTERNATIONAL AIRPORT, CA US;2017-02-07;16.11;;0.93;0.0;0;60;63;56;180;220;40.9;55.0;1;;1;
USW00023234;SAN FRANCISCO INTERNATIONAL AIRPORT, CA US;2017-02-08;11.86;;0.26;0.0;0;60;64;56;190;190;23.0;35.1;1;;;1
USW00023234;SAN FRANCISCO INTERNATIONAL AIRPORT, CA US;2017-02-09;13.87;;0.64;0.0;0;62;63;58;190;180;36.9;45.0;1;;;
USW00023234;SAN FRANCISCO INTERNATIONAL AIRPORT, CA US;2017-02-10;9.40;;0.12;0.0;0;58;62;51;280;280;23.0;25.9;1;;;1
USW00023234;SAN FRANCISCO INTERNATIONAL AIRPORT, CA US;2017-02-11;9.40;;0.00;0.0;0;53;59;47;280;280;21.0;23.9;;;;
USW00023234;SAN FRANCISCO INTERNATIONAL AIRPORT, CA US;2017-02-12;6.04;;0.00;0.0;0;53;64;44;270;280;21.0;23.9;;;;
USW00023234;SAN FRANCISCO INTERNATIONAL AIRPORT, CA US;2017-02-13;5.82;;0.00;0.0;0;52;63;46;280;280;18.1;21.9;;;;1
USW00023234;SAN FRANCISCO INTERNATIONAL AIRPORT, CA US;2017-02-14;4.25;;0.00;0.0;0;55;66;48;290;280;18.1;21.0;;;;
USW00023234;SAN FRANCISCO INTERNATIONAL AIRPORT, CA US;2017-02-15;6.93;;0.00;0.0;0;57;63;51;160;160;23.9;33.1;;;;
USW00023234;SAN FRANCISCO INTERNATIONAL AIRPORT, CA US;2017-02-16;11.41;;0.37;0.0;0;60;64;55;190;180;33.1;44.1;1;;;
USW00023234;SAN FRANCISCO INTERNATIONAL AIRPORT, CA US;2017-02-17;11.63;;0.86;0.0;0;57;59;54;130;130;28.0;35.1;1;;;
USW00023234;SAN FRANCISCO INTERNATIONAL AIRPORT, CA US;2017-02-18;17.00;;0.19;0.0;0;54;57;50;290;290;35.1;42.9;1;;;
USW00023234;SAN FRANCISCO INTERNATIONAL AIRPORT, CA US;2017-02-19;12.08;;0.09;0.0;0;52;58;50;170;150;23.0;30.0;;;;1
USW00023234;SAN FRANCISCO INTERNATIONAL AIRPORT, CA US;2017-02-20;16.11;;2.16;0.0;0;57;60;54;200;200;40.0;51.0;1;;;1
USW00023234;SAN FRANCISCO INTERNATIONAL AIRPORT, CA US;2017-02-21;11.86;;0.29;0.0;0;57;61;50;220;210;32.0;40.9;1;;;1
USW00023234;SAN FRANCISCO INTERNATIONAL AIRPORT, CA US;2017-02-22;13.87;;0.00;0.0;0;51;55;45;270;280;28.0;35.1;;;;
USW00023234;SAN FRANCISCO INTERNATIONAL AIRPORT, CA US;2017-02-23;11.18;;0.00;0.0;0;48;53;42;280;280;21.0;23.0;;;;
USW00023234;SAN FRANCISCO INTERNATIONAL AIRPORT, CA US;2017-02-24;6.49;;0.00;0.0;0;48;54;40;270;280;18.1;23.9;;;;
USW00023234;SAN FRANCISCO INTERNATIONAL AIRPORT, CA US;2017-02-25;5.82;;0.02;0.0;0;49;56;44;250;250;19.9;23.0;;;;
USW00023234;SAN FRANCISCO INTERNATIONAL AIRPORT, CA US;2017-02-26;8.72;;0.02;0.0;0;49;57;40;270;270;21.9;25.9;1;;;
USW00023234;SAN FRANCISCO INTERNATIONAL AIRPORT, CA US;2017-02-27;8.50;;0.05;;0;49;55;42;290;280;21.0;25.9;1;;;
USW00023234;SAN FRANCISCO INTERNATIONAL AIRPORT, CA US;2017-02-28;9.40;;0.00;0.0;0;50;57;43;280;280;21.9;25.9;;;;
USW00023234;SAN FRANCISCO INTERNATIONAL AIRPORT, CA US;2017-03-01;6.71;;0.00;0.0;0;50;62;43;280;280;19.9;21.9;;;;
USW00023234;SAN FRANCISCO INTERNATIONAL AIRPORT, CA US;2017-03-02;6.71;;0.00;0.0;0;52;66;43;280;290;21.9;25.1;;;;
USW00023234;SAN FRANCISCO INTERNATIONAL AIRPORT, CA US;2017-03-03;10.29;;0.00;0.0;0;53;62;44;270;280;25.1;30.0;;;;
USW00023234;SAN FRANCISCO INTERNATIONAL AIRPORT, CA US;2017-03-04;11.41;;0.54;0.0;0;54;61;51;180;180;25.9;33.1;1;;;1
USW00023234;SAN FRANCISCO INTERNATIONAL AIRPORT, CA US;2017-03-05;16.11;;0.29;;0;51;53;42;290;280;32.0;38.9;1;;1;
USW00023234;SAN FRANCISCO INTERNATIONAL AIRPORT, CA US;2017-03-06;6.71;;0.28;;0;47;56;43;140;240;15.0;18.1;1;;1;
USW00023234;SAN FRANCISCO INTERNATIONAL AIRPORT, CA US;2017-03-07;4.92;;0.00;0.0;0;50;59;42;290;290;16.1;19.9;;;;
USW00023234;SAN FRANCISCO INTERNATIONAL AIRPORT, CA US;2017-03-08;8.05;;0.00;0.0;0;53;64;46;280;280;23.9;27.1;;;;
USW00023234;SAN FRANCISCO INTERNATIONAL AIRPORT, CA US;2017-03-09;9.40;;0.00;0.0;0;56;67;50;280;260;23.0;27.1;1;1;;1
USW00023234;SAN FRANCISCO INTERNATIONAL AIRPORT, CA US;2017-03-10;8.72;;0.00;0.0;0;57;67;52;290;270;21.9;25.1;;;;
USW00023234;SAN FRANCISCO INTERNATIONAL AIRPORT, CA US;2017-03-11;12.53;;0.00;0.0;0;58;65;50;280;270;28.0;31.1;;;;
USW00023234;SAN FRANCISCO INTERNATIONAL AIRPORT, CA US;2017-03-12;8.50;;0.00;0.0;0;56;70;48;270;270;25.9;29.1;;;;
USW00023234;SAN FRANCISCO INTERNATIONAL AIRPORT, CA US;2017-03-13;4.03;;0.00;0.0;0;57;77;48;280;280;15.0;16.1;;;;
USW00023234;SAN FRANCISCO INTERNATIONAL AIRPORT, CA US;2017-03-14;7.16;;0.00;0.0;0;63;76;54;290;300;21.9;23.9;;;;
USW00023234;SAN FRANCISCO INTERNATIONAL AIRPORT, CA US;2017-03-15;10.29;;0.00;0.0;0;59;62;52;290;290;25.9;30.0;;;;
USW00023234;SAN FRANCISCO INTERNATIONAL AIRPORT, CA US;2017-03-16;8.50;;0.00;0.0;0;58;65;51;270;270;25.9;30.0;1;;;
USW00023234;SAN FRANCISCO INTERNATIONAL AIRPORT, CA US;2017-03-17;6.93;;0.00;0.0;0;56;71;48;280;280;19.9;23.0;;;;
USW00023234;SAN FRANCISCO INTERNATIONAL AIRPORT, CA US;2017-03-18;6.26;;0.00;0.0;0;60;69;53;320;320;18.1;19.9;;;;
USW00023234;SAN FRANCISCO INTERNATIONAL AIRPORT, CA US;2017-03-19;6.49;;0.00;0.0;0;58;63;54;290;290;17.0;21.0;;;;
USW00023234;SAN FRANCISCO INTERNATIONAL AIRPORT, CA US;2017-03-20;11.18;;0.52;0.0;0;58;62;55;170;130;21.9;29.1;1;;;1
USW00023234;SAN FRANCISCO INTERNATIONAL AIRPORT, CA US;2017-03-21;11.41;;0.28;0.0;0;60;65;57;220;220;21.9;27.1;1;;;1
USW00023234;SAN FRANCISCO INTERNATIONAL AIRPORT, CA US;2017-03-22;15.66;;0.27;0.0;0;57;59;52;270;280;25.9;31.1;1;;;
USW00023234;SAN FRANCISCO INTERNATIONAL AIRPORT, CA US;2017-03-23;10.96;;0.00;0.0;0;54;61;50;250;280;19.9;23.9;;;;
USW00023234;SAN FRANCISCO INTERNATIONAL AIRPORT, CA US;2017-03-24;7.61;;0.75;0.0;0;55;58;53;140;140;21.0;29.1;1;;;
USW00023234;SAN FRANCISCO INTERNATIONAL AIRPORT, CA US;2017-03-25;10.51;;0.00;0.0;0;56;61;52;270;270;23.0;27.1;;;;
USW00023234;SAN FRANCISCO INTERNATIONAL AIRPORT, CA US;2017-03-26;9.62;;0.02;0.0;0;55;63;52;190;180;21.0;25.9;1;;;
USW00023234;SAN FRANCISCO INTERNATIONAL AIRPORT, CA US;2017-03-27;16.33;;0.00;0.0;0;56;61;51;290;290;30.0;36.9;;;;
USW00023234;SAN FRANCISCO INTERNATIONAL AIRPORT, CA US;2017-03-28;13.65;;0.00;0.0;0;56;68;48;280;270;29.1;34.0;;;;
USW00023234;SAN FRANCISCO INTERNATIONAL AIRPORT, CA US;2017-03-29;14.76;;0.00;0.0;0;59;65;53;270;270;35.1;40.0;1;;;
USW00023234;SAN FRANCISCO INTERNATIONAL AIRPORT, CA US;2017-03-30;19.91;;0.01;0.0;0;57;61;51;280;270;35.1;42.9;1;;;
USW00023234;SAN FRANCISCO INTERNATIONAL AIRPORT, CA US;2017-03-31;18.57;;0.00;0.0;0;58;68;55;280;330;28.0;33.1;;;;
USW00023234;SAN FRANCISCO INTERNATIONAL AIRPORT, CA US;2017-04-01;9.40;;0.00;0.0;0;61;78;53;280;280;23.0;25.9;;;;1
USW00023234;SAN FRANCISCO INTERNATIONAL AIRPORT, CA US;2017-04-02;10.74;;0.00;0.0;0;59;74;52;280;280;25.1;31.1;1;;;
USW00023234;SAN FRANCISCO INTERNATIONAL AIRPORT, CA US;2017-04-03;14.32;;0.00;0.0;0;59;68;49;270;270;31.1;36.0;;;;1
USW00023234;SAN FRANCISCO INTERNATIONAL AIRPORT, CA US;2017-04-04;10.74;;0.00;0.0;0;55;72;48;300;290;23.0;25.9;;;;
USW00023234;SAN FRANCISCO INTERNATIONAL AIRPORT, CA US;2017-04-05;6.71;;0.00;0.0;0;58;68;52;290;290;23.9;27.1;;;;
USW00023234;SAN FRANCISCO INTERNATIONAL AIRPORT, CA US;2017-04-06;15.21;;1.01;0.0;0;61;65;50;190;190;38.9;48.1;1;;;
USW00023234;SAN FRANCISCO INTERNATIONAL AIRPORT, CA US;2017-04-07;13.87;;0.49;0.0;0;57;64;50;200;200;29.1;36.9;1;;;
USW00023234;SAN FRANCISCO INTERNATIONAL AIRPORT, CA US;2017-04-08;12.53;;0.11;0.0;0;53;56;47;290;270;23.9;30.0;;;1;1
USW00023234;SAN FRANCISCO INTERNATIONAL AIRPORT, CA US;2017-04-09;8.95;;0.00;0.0;0;51;60;45;280;280;25.1;28.0;;;;
USW00023234;SAN FRANCISCO INTERNATIONAL AIRPORT, CA US;2017-04-10;7.38;;0.00;0.0;0;53;64;46;280;280;18.1;23.0;;;;
USW00023234;SAN FRANCISCO INTERNATIONAL AIRPORT, CA US;2017-04-11;10.29;;0.05;0.0;0;58;67;53;170;170;28.0;40.9;1;;;1
USW00023234;SAN FRANCISCO INTERNATIONAL AIRPORT, CA US;2017-04-12;13.20;;0.18;0.0;0;59;64;54;210;200;23.9;34.0;1;;;
USW00023234;SAN FRANCISCO INTERNATIONAL AIRPORT, CA US;2017-04-13;15.21;;0.00;0.0;0;57;59;50;270;270;25.9;31.1;;;;
USW00023234;SAN FRANCISCO INTERNATIONAL AIRPORT, CA US;2017-04-14;14.09;;0.00;0.0;0;53;61;47;280;280;28.0;31.1;;;;
USW00023234;SAN FRANCISCO INTERNATIONAL AIRPORT, CA US;2017-04-15;6.71;;0.00;0.0;0;54;67;46;280;280;21.9;23.9;;;;
USW00023234;SAN FRANCISCO INTERNATIONAL AIRPORT, CA US;2017-04-16;8.50;;0.08;0.0;0;56;60;52;190;200;29.1;35.1;1;;;1
USW00023234;SAN FRANCISCO INTERNATIONAL AIRPORT, CA US;2017-04-17;3.80;;0.17;0.0;0;58;62;54;270;270;12.1;13.0;1;;;
USW00023234;SAN FRANCISCO INTERNATIONAL AIRPORT, CA US;2017-04-18;8.05;;0.01;0.0;0;57;67;52;270;280;21.0;23.9;1;;;
USW00023234;SAN FRANCISCO INTERNATIONAL AIRPORT, CA US;2017-04-19;7.61;;0.10;;0;57;67;49;220;210;16.1;21.0;1;;;
USW00023234;SAN FRANCISCO INTERNATIONAL AIRPORT, CA US;2017-04-20;11.86;;0.00;0.0;0;60;65;54;270;280;25.1;30.0;;;;
USW00023234;SAN FRANCISCO INTERNATIONAL AIRPORT, CA US;2017-04-21;8.50;;0.00;0.0;0;59;74;51;270;270;23.9;27.1;;;;
USW00023234;SAN FRANCISCO INTERNATIONAL AIRPORT, CA US;2017-04-22;11.18;;0.00;0.0;0;60;65;51;280;280;25.9;30.0;;;;
USW00023234;SAN FRANCISCO INTERNATIONAL AIRPORT, CA US;2017-04-23;20.80;;0.00;0.0;0;58;64;53;270;270;33.1;40.0;;;;
USW00023234;SAN FRANCISCO INTERNATIONAL AIRPORT, CA US;2017-04-24;16.11;;0.00;0.0;0;56;62;53;270;270;28.0;34.0;;;;
USW00023234;SAN FRANCISCO INTERNATIONAL AIRPORT, CA US;2017-04-25;16.78;;0.00;0.0;0;56;64;52;280;270;25.1;30.0;;;;
USW00023234;SAN FRANCISCO INTERNATIONAL AIRPORT, CA US;2017-04-26;14.32;;0.00;0.0;0;59;64;54;270;270;30.0;34.0;1;;;1
USW00023234;SAN FRANCISCO INTERNATIONAL AIRPORT, CA US;2017-04-27;18.34;;0.00;0.0;0;58;65;52;280;280;38.0;45.0;;;;
USW00023234;SAN FRANCISCO INTERNATIONAL AIRPORT, CA US;2017-04-28;15.66;;0.00;0.0;0;57;68;49;280;270;29.1;33.1;;;;
USW00023234;SAN FRANCISCO INTERNATIONAL AIRPORT, CA US;2017-04-29;13.65;;0.00;0.0;0;64;77;54;280;290;25.1;28.0;;;;
USW00023234;SAN FRANCISCO INTERNATIONAL AIRPORT, CA US;2017-04-30;12.30;;0.00;0.0;0;60;74;50;270;280;28.0;33.1;;;;
USW00023234;SAN FRANCISCO INTERNATIONAL AIRPORT, CA US;2017-05-01;10.51;;0.00;0.0;0;63;84;54;280;280;25.1;30.0;;;;
USW00023234;SAN FRANCISCO INTERNATIONAL AIRPORT, CA US;2017-05-02;12.30;;0.00;0.0;0;67;85;57;270;270;25.9;31.1;;;;
USW00023234;SAN FRANCISCO INTERNATIONAL AIRPORT, CA US;2017-05-03;9.62;;0.00;0.0;0;67;87;53;300;300;25.1;30.0;;;;
USW00023234;SAN FRANCISCO INTERNATIONAL AIRPORT, CA US;2017-05-04;16.11;;0.00;0.0;0;59;66;52;280;280;30.0;36.0;;;;
USW00023234;SAN FRANCISCO INTERNATIONAL AIRPORT, CA US;2017-05-05;25.28;;0.00;0.0;0;57;63;51;270;270;42.9;50.1;;;;
USW00023234;SAN FRANCISCO INTERNATIONAL AIRPORT, CA US;2017-05-06;20.36;;0.00;0.0;0;55;63;50;280;270;36.9;46.1;;;;1
USW00023234;SAN FRANCISCO INTERNATIONAL AIRPORT, CA US;2017-05-07;12.75;;0.00;0.0;0;57;70;50;280;270;23.0;25.9;;;;1
USW00023234;SAN FRANCISCO INTERNATIONAL AIRPORT, CA US;2017-05-08;10.07;;0.00;0.0;0;58;70;50;290;290;23.0;30.0;;;;1
USW00023234;SAN FRANCISCO INTERNATIONAL AIRPORT, CA US;2017-05-09;10.74;;0.00;0.0;0;59;75;51;290;290;28.0;31.1;;;;
USW00023234;SAN FRANCISCO INTERNATIONAL AIRPORT, CA US;2017-05-10;12.30;;0.00;0.0;0;59;68;53;210;250;21.9;28.0;;;;
USW00023234;SAN FRANCISCO INTERNATIONAL AIRPORT, CA US;2017-05-11;10.51;;0.00;0.0;0;59;69;52;240;270;21.9;27.1;;;;
USW00023234;SAN FRANCISCO INTERNATIONAL AIRPORT, CA US;2017-05-12;20.80;;0.00;0.0;0;58;64;51;270;270;38.0;47.0;;;;
USW00023234;SAN FRANCISCO INTERNATIONAL AIRPORT, CA US;2017-05-13;18.79;;0.00;0.0;0;56;64;49;270;270;33.1;40.9;;;;
USW00023234;SAN FRANCISCO INTERNATIONAL AIRPORT, CA US;2017-05-14;16.78;;0.00;0.0;0;55;62;49;270;270;29.1;35.1;;;;
USW00023234;SAN FRANCISCO INTERNATIONAL AIRPORT, CA US;2017-05-15;18.57;;0.00;0.0;0;55;63;50;270;270;38.0;46.1;;;;
USW00023234;SAN FRANCISCO INTERNATIONAL AIRPORT, CA US;2017-05-16;18.34;;0.00;0.0;0;55;63;52;260;260;33.1;40.9;1;;;1
USW00023234;SAN FRANCISCO INTERNATIONAL AIRPORT, CA US;2017-05-17;16.78;;0.00;0.0;0;57;66;50;270;270;32.0;38.0;;;;
USW00023234;SAN FRANCISCO INTERNATIONAL AIRPORT, CA US;2017-05-18;10.51;;0.00;0.0;0;58;76;49;280;280;30.0;34.0;;;;
USW00023234;SAN FRANCISCO INTERNATIONAL AIRPORT, CA US;2017-05-19;10.51;;0.00;0.0;0;62;80;52;280;280;25.9;30.0;;;;
USW00023234;SAN FRANCISCO INTERNATIONAL AIRPORT, CA US;2017-05-20;10.51;;0.00;0.0;0;63;87;52;290;290;21.9;25.1;;;;
USW00023234;SAN FRANCISCO INTERNATIONAL AIRPORT, CA US;2017-05-21;13.20;;0.00;0.0;0;64;77;53;290;290;25.9;30.0;;;;
USW00023234;SAN FRANCISCO INTERNATIONAL AIRPORT, CA US;2017-05-22;12.97;;0.00;0.0;0;58;70;51;290;290;25.1;30.0;;;;
USW00023234;SAN FRANCISCO INTERNATIONAL AIRPORT, CA US;2017-05-23;14.76;;0.00;0.0;0;58;69;52;290;290;25.9;30.0;;;;
USW00023234;SAN FRANCISCO INTERNATIONAL AIRPORT, CA US;2017-05-24;9.17;;0.00;0.0;0;58;69;53;190;200;19.9;23.9;;;;
USW00023234;SAN FRANCISCO INTERNATIONAL AIRPORT, CA US;2017-05-25;16.33;;0.00;0.0;0;60;65;55;200;200;31.1;35.1;;;;
USW00023234;SAN FRANCISCO INTERNATIONAL AIRPORT, CA US;2017-05-26;11.63;;0.00;0.0;0;59;65;54;210;240;21.0;32.0;;;;
USW00023234;SAN FRANCISCO INTERNATIONAL AIRPORT, CA US;2017-05-27;13.65;;0.00;0.0;0;59;67;54;280;280;25.9;30.0;;;;
USW00023234;SAN FRANCISCO INTERNATIONAL AIRPORT, CA US;2017-05-28;17.22;;0.00;0.0;0;57;64;54;270;280;29.1;36.9;;;;
USW00023234;SAN FRANCISCO INTERNATIONAL AIRPORT, CA US;2017-05-29;17.22;;0.00;0.0;0;55;60;53;280;280;25.9;34.0;;;;
USW00023234;SAN FRANCISCO INTERNATIONAL AIRPORT, CA US;2017-05-30;22.15;;0.00;0.0;0;56;63;52;260;260;36.0;42.1;;;;
USW00023234;SAN FRANCISCO INTERNATIONAL AIRPORT, CA US;2017-05-31;14.54;;0.00;0.0;0;60;70;54;270;270;28.0;32.0;;;;
USW00023234;SAN FRANCISCO INTERNATIONAL AIRPORT, CA US;2017-06-01;15.21;;0.00;0.0;0;61;69;55;260;260;29.1;35.1;;;;
USW00023234;SAN FRANCISCO INTERNATIONAL AIRPORT, CA US;2017-06-02;16.55;;0.00;0.0;0;60;71;53;270;270;29.1;34.0;;;;
USW00023234;SAN FRANCISCO INTERNATIONAL AIRPORT, CA US;2017-06-03;14.76;;0.00;0.0;0;59;67;54;270;270;28.0;33.1;;;;
USW00023234;SAN FRANCISCO INTERNATIONAL AIRPORT, CA US;2017-06-04;15.66;;0.00;0.0;0;59;67;53;260;250;30.0;36.9;;;;
USW00023234;SAN FRANCISCO INTERNATIONAL AIRPORT, CA US;2017-06-05;13.20;;0.00;0.0;0;58;74;51;280;280;30.0;35.1;;;;1
USW00023234;SAN FRANCISCO INTERNATIONAL AIRPORT, CA US;2017-06-06;13.42;;0.00;0.0;0;58;65;52;270;270;29.1;35.1;;;;
USW00023234;SAN FRANCISCO INTERNATIONAL AIRPORT, CA US;2017-06-07;9.17;;0.00;0.0;0;59;68;54;260;250;21.0;25.1;;;;
USW00023234;SAN FRANCISCO INTERNATIONAL AIRPORT, CA US;2017-06-08;7.16;;0.05;0.0;0;61;66;59;190;190;17.0;21.0;1;;;1
USW00023234;SAN FRANCISCO INTERNATIONAL AIRPORT, CA US;2017-06-09;14.76;;0.00;0.0;0;62;66;56;260;270;30.0;36.0;;;;
USW00023234;SAN FRANCISCO INTERNATIONAL AIRPORT, CA US;2017-06-10;18.12;;0.00;0.0;0;60;68;54;260;270;25.9;31.1;;;;
USW00023234;SAN FRANCISCO INTERNATIONAL AIRPORT, CA US;2017-06-11;24.16;;0.00;0.0;0;59;64;54;270;260;36.9;48.1;;;;
USW00023234;SAN FRANCISCO INTERNATIONAL AIRPORT, CA US;2017-06-12;16.11;;0.00;0.0;0;58;65;53;280;280;28.0;36.0;;;;
USW00023234;SAN FRANCISCO INTERNATIONAL AIRPORT, CA US;2017-06-13;12.30;;0.00;0.0;0;59;70;52;260;260;30.0;34.0;;;;
USW00023234;SAN FRANCISCO INTERNATIONAL AIRPORT, CA US;2017-06-14;16.78;;0.00;0.0;0;60;73;53;280;280;33.1;38.9;;;;
USW00023234;SAN FRANCISCO INTERNATIONAL AIRPORT, CA US;2017-06-15;21.92;;0.00;0.0;0;61;72;55;270;270;38.0;45.0;;;;
USW00023234;SAN FRANCISCO INTERNATIONAL AIRPORT, CA US;2017-06-16;18.12;;0.00;0.0;0;65;75;57;280;280;31.1;36.9;;;;
USW00023234;SAN FRANCISCO INTERNATIONAL AIRPORT, CA US;2017-06-17;16.33;;0.00;0.0;0;65;77;55;290;290;29.1;32.0;;;;
USW00023234;SAN FRANCISCO INTERNATIONAL AIRPORT, CA US;2017-06-18;8.05;;0.00;0.0;0;72;97;62;300;290;21.0;23.0;;;;
USW00023234;SAN FRANCISCO INTERNATIONAL AIRPORT, CA US;2017-06-19;13.87;;0.00;0.0;0;69;77;58;290;290;25.9;31.1;;;;
USW00023234;SAN FRANCISCO INTERNATIONAL AIRPORT, CA US;2017-06-20;15.21;;0.00;0.0;0;63;72;56;280;280;30.0;36.0;;;;
USW00023234;SAN FRANCISCO INTERNATIONAL AIRPORT, CA US;2017-06-21;10.74;;0.00;0.0;0;62;76;54;300;310;21.9;25.1;;;;
USW00023234;SAN FRANCISCO INTERNATIONAL AIRPORT, CA US;2017-06-22;10.96;;0.00;0.0;0;67;80;59;300;290;23.0;27.1;;;;1
USW00023234;SAN FRANCISCO INTERNATIONAL AIRPORT, CA US;2017-06-23;11.86;;0.00;0.0;0;64;73;58;290;290;25.1;30.0;;;;
USW00023234;SAN FRANCISCO INTERNATIONAL AIRPORT, CA US;2017-06-24;16.33;;0.00;0.0;0;62;69;57;290;290;30.0;35.1;;;;
USW00023234;SAN FRANCISCO INTERNATIONAL AIRPORT, CA US;2017-06-25;14.54;;0.00;0.0;0;61;68;57;270;270;25.9;31.1;;;;
USW00023234;SAN FRANCISCO INTERNATIONAL AIRPORT, CA US;2017-06-26;13.87;;0.00;0.0;0;64;73;59;290;290;25.1;30.0;;;;
USW00023234;SAN FRANCISCO INTERNATIONAL AIRPORT, CA US;2017-06-27;16.33;;0.00;0.0;0;62;66;57;270;280;25.9;33.1;1;;;
USW00023234;SAN FRANCISCO INTERNATIONAL AIRPORT, CA US;2017-06-28;14.54;;0.00;0.0;0;60;66;57;280;290;25.1;30.0;;;;
USW00023234;SAN FRANCISCO INTERNATIONAL AIRPORT, CA US;2017-06-29;16.11;;0.00;0.0;0;60;66;56;260;270;33.1;40.0;;;;
USW00023234;SAN FRANCISCO INTERNATIONAL AIRPORT, CA US;2017-06-30;15.66;;0.00;0.0;0;58;65;54;270;270;28.0;36.9;;;;
USW00023234;SAN FRANCISCO INTERNATIONAL AIRPORT, CA US;2017-07-01;16.11;;0.00;0.0;0;58;66;54;260;270;25.9;35.1;;;;
USW00023234;SAN FRANCISCO INTERNATIONAL AIRPORT, CA US;2017-07-02;7.61;;0.00;0.0;0;60;74;54;290;300;18.1;25.1;;;;
USW00023234;SAN FRANCISCO INTERNATIONAL AIRPORT, CA US;2017-07-03;9.17;;0.00;0.0;0;62;79;54;310;310;21.9;25.9;;;;
USW00023234;SAN FRANCISCO INTERNATIONAL AIRPORT, CA US;2017-07-04;12.75;;0.00;0.0;0;63;72;57;280;280;25.1;31.1;;;;1
USW00023234;SAN FRANCISCO INTERNATIONAL AIRPORT, CA US;2017-07-05;16.11;;0.00;0.0;0;60;67;55;280;290;25.1;30.0;;;;
USW00023234;SAN FRANCISCO INTERNATIONAL AIRPORT, CA US;2017-07-06;17.22;;0.00;0.0;0;60;73;54;280;280;29.1;34.0;;;;
USW00023234;SAN FRANCISCO INTERNATIONAL AIRPORT, CA US;2017-07-07;14.09;;0.00;0.0;0;64;81;54;280;280;31.1;35.1;;;;
USW00023234;SAN FRANCISCO INTERNATIONAL AIRPORT, CA US;2017-07-08;13.87;;0.00;0.0;0;68;79;56;280;280;29.1;33.1;;;;
USW00023234;SAN FRANCISCO INTERNATIONAL AIRPORT, CA US;2017-07-09;15.66;;0.00;0.0;0;60;70;53;310;300;23.0;28.0;;;;
USW00023234;SAN FRANCISCO INTERNATIONAL AIRPORT, CA US;2017-07-10;13.87;;0.00;0.0;0;61;68;55;280;290;30.0;34.0;;;;
USW00023234;SAN FRANCISCO INTERNATIONAL AIRPORT, CA US;2017-07-11;12.30;;0.00;0.0;0;62;73;55;290;280;25.1;30.0;;;;
USW00023234;SAN FRANCISCO INTERNATIONAL AIRPORT, CA US;2017-07-12;12.30;;0.00;0.0;0;62;70;56;290;290;23.9;29.1;;;;
USW00023234;SAN FRANCISCO INTERNATIONAL AIRPORT, CA US;2017-07-13;11.86;;0.00;0.0;0;61;70;54;290;290;25.9;29.1;;;;
USW00023234;SAN FRANCISCO INTERNATIONAL AIRPORT, CA US;2017-07-14;12.75;;0.00;0.0;0;61;75;55;290;290;25.9;31.1;;;;
USW00023234;SAN FRANCISCO INTERNATIONAL AIRPORT, CA US;2017-07-15;11.41;;0.00;0.0;0;63;85;55;290;290;25.9;30.0;;;;
USW00023234;SAN FRANCISCO INTERNATIONAL AIRPORT, CA US;2017-07-16;13.20;;0.00;0.0;0;68;84;59;280;280;32.0;42.1;;;;
USW00023234;SAN FRANCISCO INTERNATIONAL AIRPORT, CA US;2017-07-17;17.00;;0.00;0.0;0;64;72;57;280;290;25.9;31.1;;;;
USW00023234;SAN FRANCISCO INTERNATIONAL AIRPORT, CA US;2017-07-18;15.66;;0.00;0.0;0;60;67;55;280;270;25.9;32.0;;;;
USW00023234;SAN FRANCISCO INTERNATIONAL AIRPORT, CA US;2017-07-19;15.21;;0.00;0.0;0;61;70;54;280;270;28.0;35.1;;;;
USW00023234;SAN FRANCISCO INTERNATIONAL AIRPORT, CA US;2017-07-20;15.43;;0.00;0.0;0;61;68;56;270;270;25.1;31.1;;;;
USW00023234;SAN FRANCISCO INTERNATIONAL AIRPORT, CA US;2017-07-21;15.66;;0.00;0.0;0;61;70;55;270;260;28.0;35.1;;;;
USW00023234;SAN FRANCISCO INTERNATIONAL AIRPORT, CA US;2017-07-22;9.17;;0.00;0.0;0;63;80;55;290;290;21.9;25.1;;;;
USW00023234;SAN FRANCISCO INTERNATIONAL AIRPORT, CA US;2017-07-23;13.87;;0.00;0.0;0;64;70;56;300;290;25.9;33.1;;;;
USW00023234;SAN FRANCISCO INTERNATIONAL AIRPORT, CA US;2017-07-24;9.40;;0.00;0.0;0;62;74;55;210;200;33.1;40.0;;;;
USW00023234;SAN FRANCISCO INTERNATIONAL AIRPORT, CA US;2017-07-25;8.28;;0.00;0.0;0;66;77;63;250;250;17.0;21.0;;;;
USW00023234;SAN FRANCISCO INTERNATIONAL AIRPORT, CA US;2017-07-26;13.87;;0.00;0.0;0;65;73;57;290;290;25.9;32.0;;;;
USW00023234;SAN FRANCISCO INTERNATIONAL AIRPORT, CA US;2017-07-27;12.53;;0.00;0.0;0;62;76;57;290;290;25.9;32.0;;;;
USW00023234;SAN FRANCISCO INTERNATIONAL AIRPORT, CA US;2017-07-28;15.66;;0.00;0.0;0;61;67;57;290;290;29.1;33.1;;;;
USW00023234;SAN FRANCISCO INTERNATIONAL AIRPORT, CA US;2017-07-29;13.20;;0.00;0.0;0;61;68;57;290;290;23.9;28.0;;;;
USW00023234;SAN FRANCISCO INTERNATIONAL AIRPORT, CA US;2017-07-30;11.18;;0.00;0.0;0;61;71;57;300;290;23.0;28.0;;;;
USW00023234;SAN FRANCISCO INTERNATIONAL AIRPORT, CA US;2017-07-31;12.97;;0.00;0.0;0;62;69;55;300;290;25.1;31.1;;;;
USW00023234;SAN FRANCISCO INTERNATIONAL AIRPORT, CA US;2017-08-01;12.30;;0.00;0.0;0;61;75;54;300;300;25.9;31.1;;;;
USW00023234;SAN FRANCISCO INTERNATIONAL AIRPORT, CA US;2017-08-02;11.41;;0.00;0.0;0;64;80;56;290;290;23.9;28.0;;;;
USW00023234;SAN FRANCISCO INTERNATIONAL AIRPORT, CA US;2017-08-03;9.17;;0.00;0.0;0;68;78;61;280;280;28.0;32.0;;;;
USW00023234;SAN FRANCISCO INTERNATIONAL AIRPORT, CA US;2017-08-04;12.53;;0.00;0.0;0;70;76;60;290;280;21.0;25.1;;;;
USW00023234;SAN FRANCISCO INTERNATIONAL AIRPORT, CA US;2017-08-05;14.76;;0.00;0.0;0;65;73;59;290;290;25.9;30.0;;;;
USW00023234;SAN FRANCISCO INTERNATIONAL AIRPORT, CA US;2017-08-06;14.99;;0.00;0.0;0;64;71;61;280;280;25.9;31.1;;;;
USW00023234;SAN FRANCISCO INTERNATIONAL AIRPORT, CA US;2017-08-07;13.42;;0.00;0.0;0;65;71;61;260;270;25.1;29.1;;;;
USW00023234;SAN FRANCISCO INTERNATIONAL AIRPORT, CA US;2017-08-08;12.97;;0.00;0.0;0;64;71;60;280;290;25.1;30.0;;;;
USW00023234;SAN FRANCISCO INTERNATIONAL AIRPORT, CA US;2017-08-09;14.76;;0.00;0.0;0;63;67;59;270;250;25.1;32.0;1;;;
USW00023234;SAN FRANCISCO INTERNATIONAL AIRPORT, CA US;2017-08-10;15.21;;0.00;0.0;0;63;71;59;280;280;25.9;31.1;;;;
USW00023234;SAN FRANCISCO INTERNATIONAL AIRPORT, CA US;2017-08-11;14.54;;0.00;0.0;0;62;71;58;280;280;30.0;35.1;;;;
USW00023234;SAN FRANCISCO INTERNATIONAL AIRPORT, CA US;2017-08-12;14.09;;0.00;0.0;0;64;73;60;270;270;28.0;32.0;;;;
USW00023234;SAN FRANCISCO INTERNATIONAL AIRPORT, CA US;2017-08-13;14.76;;0.00;0.0;0;65;72;60;240;240;28.0;32.0;;;;
USW00023234;SAN FRANCISCO INTERNATIONAL AIRPORT, CA US;2017-08-14;13.20;;0.00;0.0;0;63;63;59;260;240;21.9;27.1;;;;1
USW00023234;SAN FRANCISCO INTERNATIONAL AIRPORT, CA US;2017-08-15;12.97;;0.00;0.0;0;62;73;59;270;270;25.1;30.0;;;;
USW00023234;SAN FRANCISCO INTERNATIONAL AIRPORT, CA US;2017-08-16;7.83;;0.00;0.0;0;64;75;60;290;290;19.9;23.0;;;;
USW00023234;SAN FRANCISCO INTERNATIONAL AIRPORT, CA US;2017-08-17;11.41;;0.00;0.0;0;65;72;60;280;290;25.1;29.1;;;;
USW00023234;SAN FRANCISCO INTERNATIONAL AIRPORT, CA US;2017-08-18;12.08;;0.00;0.0;0;66;72;59;290;300;23.0;27.1;;;;
USW00023234;SAN FRANCISCO INTERNATIONAL AIRPORT, CA US;2017-08-19;6.49;;0.00;0.0;0;63;76;59;290;290;16.1;19.9;;;;
USW00023234;SAN FRANCISCO INTERNATIONAL AIRPORT, CA US;2017-08-20;9.62;;0.00;0.0;0;66;72;61;250;250;18.1;21.9;;;;
USW00023234;SAN FRANCISCO INTERNATIONAL AIRPORT, CA US;2017-08-21;9.62;;0.00;0.0;0;65;75;61;290;260;17.0;21.0;;;;
USW00023234;SAN FRANCISCO INTERNATIONAL AIRPORT, CA US;2017-08-22;15.21;;0.00;0.0;0;65;73;60;280;270;25.9;31.1;;;;
USW00023234;SAN FRANCISCO INTERNATIONAL AIRPORT, CA US;2017-08-23;11.41;;0.00;0.0;0;63;70;59;290;280;25.1;30.0;;;;1
USW00023234;SAN FRANCISCO INTERNATIONAL AIRPORT, CA US;2017-08-24;11.41;;0.00;0.0;0;61;70;58;250;260;21.9;27.1;;;;
USW00023234;SAN FRANCISCO INTERNATIONAL AIRPORT, CA US;2017-08-25;12.75;;0.00;0.0;0;62;69;55;290;290;25.9;31.1;;;;
USW00023234;SAN FRANCISCO INTERNATIONAL AIRPORT, CA US;2017-08-26;11.41;;0.00;0.0;0;62;81;53;290;290;25.1;29.1;;;;
USW00023234;SAN FRANCISCO INTERNATIONAL AIRPORT, CA US;2017-08-27;12.97;;0.00;0.0;0;67;77;60;290;290;25.1;30.0;;;;
USW00023234;SAN FRANCISCO INTERNATIONAL AIRPORT, CA US;2017-08-28;16.11;;0.00;0.0;0;65;73;58;300;290;28.0;34.0;;;;
USW00023234;SAN FRANCISCO INTERNATIONAL AIRPORT, CA US;2017-08-29;14.99;;0.00;0.0;0;61;67;58;290;280;28.0;32.0;;;;
USW00023234;SAN FRANCISCO INTERNATIONAL AIRPORT, CA US;2017-08-30;13.65;;0.00;0.0;0;61;69;56;270;280;25.1;32.0;;;;
USW00023234;SAN FRANCISCO INTERNATIONAL AIRPORT, CA US;2017-08-31;6.93;;0.00;0.0;0;64;88;56;280;280;19.9;21.9;;;;
USW00023234;SAN FRANCISCO INTERNATIONAL AIRPORT, CA US;2017-09-01;5.14;;0.00;0.0;0;78;104;67;290;290;25.1;28.0;;;;1
USW00023234;SAN FRANCISCO INTERNATIONAL AIRPORT, CA US;2017-09-02;5.14;;0.00;0.0;0;83;104;72;280;270;19.9;21.9;;;;1
USW00023234;SAN FRANCISCO INTERNATIONAL AIRPORT, CA US;2017-09-03;8.05;;0.00;0.0;0;82;86;68;290;290;21.0;23.9;;;;1
USW00023234;SAN FRANCISCO INTERNATIONAL AIRPORT, CA US;2017-09-04;5.82;;0.00;0.0;0;72;84;68;200;210;18.1;21.9;;;;1
USW00023234;SAN FRANCISCO INTERNATIONAL AIRPORT, CA US;2017-09-05;7.61;;0.00;0.0;0;76;83;60;280;320;15.0;18.1;;;;
USW00023234;SAN FRANCISCO INTERNATIONAL AIRPORT, CA US;2017-09-06;8.28;;0.00;0.0;0;70;78;64;200;210;19.9;23.0;;;;
USW00023234;SAN FRANCISCO INTERNATIONAL AIRPORT, CA US;2017-09-07;8.28;;0.00;0.0;0;69;72;62;270;290;16.1;19.0;;;;
USW00023234;SAN FRANCISCO INTERNATIONAL AIRPORT, CA US;2017-09-08;11.63;;0.00;0.0;0;65;72;60;260;300;21.0;25.1;;;;
USW00023234;SAN FRANCISCO INTERNATIONAL AIRPORT, CA US;2017-09-09;9.40;;0.00;0.0;0;66;75;61;290;290;25.1;30.0;;;;
USW00023234;SAN FRANCISCO INTERNATIONAL AIRPORT, CA US;2017-09-10;7.83;;0.00;0.0;0;67;92;61;290;290;21.0;23.9;;;;
USW00023234;SAN FRANCISCO INTERNATIONAL AIRPORT, CA US;2017-09-11;8.95;;0.22;0.0;0;76;86;67;300;300;23.9;29.1;;;1;
USW00023234;SAN FRANCISCO INTERNATIONAL AIRPORT, CA US;2017-09-12;6.93;;0.00;0.0;0;72;85;65;220;270;18.1;21.9;;;;
USW00023234;SAN FRANCISCO INTERNATIONAL AIRPORT, CA US;2017-09-13;8.28;;0.00;0.0;0;68;74;63;250;250;17.0;23.0;;;;
USW00023234;SAN FRANCISCO INTERNATIONAL AIRPORT, CA US;2017-09-14;15.43;;0.00;0.0;0;65;71;60;260;260;33.1;38.0;;;;
USW00023234;SAN FRANCISCO INTERNATIONAL AIRPORT, CA US;2017-09-15;13.87;;0.00;0.0;0;63;72;58;260;280;23.0;28.0;;;;
USW00023234;SAN FRANCISCO INTERNATIONAL AIRPORT, CA US;2017-09-16;10.07;;0.00;0.0;0;62;72;56;280;300;23.9;31.1;;;;
USW00023234;SAN FRANCISCO INTERNATIONAL AIRPORT, CA US;2017-09-17;11.63;;0.00;0.0;0;62;73;56;270;280;23.9;30.0;;;;
USW00023234;SAN FRANCISCO INTERNATIONAL AIRPORT, CA US;2017-09-18;16.55;;0.00;0.0;0;66;73;60;260;280;25.9;32.0;;;;
USW00023234;SAN FRANCISCO INTERNATIONAL AIRPORT, CA US;2017-09-19;15.66;;0.00;0.0;0;64;73;58;280;280;31.1;35.1;;;;
USW00023234;SAN FRANCISCO INTERNATIONAL AIRPORT, CA US;2017-09-20;13.20;;0.00;0.0;0;64;71;59;270;270;23.0;28.0;1;;;1
USW00023234;SAN FRANCISCO INTERNATIONAL AIRPORT, CA US;2017-09-21;21.25;;0.00;0.0;0;62;67;56;270;270;36.0;42.9;;;;
USW00023234;SAN FRANCISCO INTERNATIONAL AIRPORT, CA US;2017-09-22;10.74;;0.00;0.0;0;61;70;57;280;290;18.1;23.9;;;;
USW00023234;SAN FRANCISCO INTERNATIONAL AIRPORT, CA US;2017-09-23;9.17;;0.00;0.0;0;63;77;54;270;270;28.0;33.1;;;;
USW00023234;SAN FRANCISCO INTERNATIONAL AIRPORT, CA US;2017-09-24;8.50;;0.00;0.0;0;64;79;54;270;280;25.1;30.0;;;;
USW00023234;SAN FRANCISCO INTERNATIONAL AIRPORT, CA US;2017-09-25;7.38;;0.00;0.0;0;66;82;56;280;280;23.0;25.9;;;;
USW00023234;SAN FRANCISCO INTERNATIONAL AIRPORT, CA US;2017-09-26;6.49;;0.00;0.0;0;69;88;59;280;280;21.0;23.9;;;;
USW00023234;SAN FRANCISCO INTERNATIONAL AIRPORT, CA US;2017-09-27;6.71;;0.00;0.0;0;72;87;62;290;290;17.0;21.0;;;;
USW00023234;SAN FRANCISCO INTERNATIONAL AIRPORT, CA US;2017-09-28;11.63;;0.00;0.0;0;69;81;58;290;290;30.0;36.0;;;;
USW00023234;SAN FRANCISCO INTERNATIONAL AIRPORT, CA US;2017-09-29;17.45;;0.00;0.0;0;62;68;57;260;270;32.0;36.9;;;;
USW00023234;SAN FRANCISCO INTERNATIONAL AIRPORT, CA US;2017-09-30;13.65;;0.00;0.0;0;63;72;57;260;260;25.1;30.0;;;;
USW00023234;SAN FRANCISCO INTERNATIONAL AIRPORT, CA US;2017-10-01;11.63;;0.00;0.0;0;63;73;56;270;270;31.1;36.9;;;;
USW00023234;SAN FRANCISCO INTERNATIONAL AIRPORT, CA US;2017-10-02;13.20;;0.00;0.0;0;65;74;54;270;280;29.1;33.1;;;;
USW00023234;SAN FRANCISCO INTERNATIONAL AIRPORT, CA US;2017-10-03;11.41;;0.00;0.0;0;59;73;53;270;270;23.0;30.0;;;;
USW00023234;SAN FRANCISCO INTERNATIONAL AIRPORT, CA US;2017-10-04;8.50;;0.00;0.0;0;62;76;52;280;280;21.9;28.0;;;;
USW00023234;SAN FRANCISCO INTERNATIONAL AIRPORT, CA US;2017-10-05;8.05;;0.00;0.0;0;60;79;50;270;270;21.0;23.0;;;;
USW00023234;SAN FRANCISCO INTERNATIONAL AIRPORT, CA US;2017-10-06;7.38;;0.00;0.0;0;63;84;53;270;270;23.0;25.9;;;;
USW00023234;SAN FRANCISCO INTERNATIONAL AIRPORT, CA US;2017-10-07;13.20;;0.00;0.0;0;64;77;54;270;270;31.1;36.0;;;;
USW00023234;SAN FRANCISCO INTERNATIONAL AIRPORT, CA US;2017-10-08;7.83;;0.00;0.0;0;61;79;53;280;360;17.0;21.0;;;;
USW00023234;SAN FRANCISCO INTERNATIONAL AIRPORT, CA US;2017-10-09;7.61;;0.00;0.0;0;70;79;60;20;20;17.0;21.0;;;;
USW00023234;SAN FRANCISCO INTERNATIONAL AIRPORT, CA US;2017-10-10;9.84;;0.00;0.0;0;65;76;53;280;280;28.0;31.1;;;;1
USW00023234;SAN FRANCISCO INTERNATIONAL AIRPORT, CA US;2017-10-11;9.17;;0.00;0.0;0;57;66;51;260;270;21.9;25.1;;;;1
USW00023234;SAN FRANCISCO INTERNATIONAL AIRPORT, CA US;2017-10-12;8.95;;0.00;0.0;0;58;69;50;270;270;21.9;23.9;;;;1
USW00023234;SAN FRANCISCO INTERNATIONAL AIRPORT, CA US;2017-10-13;6.93;;0.00;0.0;0;58;73;50;270;280;21.9;25.9;;;;1
USW00023234;SAN FRANCISCO INTERNATIONAL AIRPORT, CA US;2017-10-14;3.58;;0.00;0.0;0;62;77;52;130;130;14.1;16.1;;;;
USW00023234;SAN FRANCISCO INTERNATIONAL AIRPORT, CA US;2017-10-15;2.91;;0.00;0.0;0;65;81;52;140;140;8.9;12.1;;;;
USW00023234;SAN FRANCISCO INTERNATIONAL AIRPORT, CA US;2017-10-16;2.01;;0.00;0.0;0;67;83;56;280;280;12.1;13.0;;;;1
USW00023234;SAN FRANCISCO INTERNATIONAL AIRPORT, CA US;2017-10-17;7.83;;0.00;0.0;0;67;78;50;300;290;21.9;23.9;;;;1
USW00023234;SAN FRANCISCO INTERNATIONAL AIRPORT, CA US;2017-10-18;10.29;;0.00;0.0;0;54;63;48;280;290;25.9;29.1;1;;;1
USW00023234;SAN FRANCISCO INTERNATIONAL AIRPORT, CA US;2017-10-19;10.51;;0.19;0.0;0;57;67;54;280;260;29.1;38.0;1;;;1
USW00023234;SAN FRANCISCO INTERNATIONAL AIRPORT, CA US;2017-10-20;12.75;;0.02;0.0;0;59;64;54;270;270;23.9;31.1;1;;;
USW00023234;SAN FRANCISCO INTERNATIONAL AIRPORT, CA US;2017-10-21;8.95;;0.00;0.0;0;57;68;51;280;280;23.0;28.0;;;;
USW00023234;SAN FRANCISCO INTERNATIONAL AIRPORT, CA US;2017-10-22;6.04;;0.00;0.0;0;60;73;52;280;280;17.0;19.0;;;;
USW00023234;SAN FRANCISCO INTERNATIONAL AIRPORT, CA US;2017-10-23;2.24;;0.00;0.0;0;66;83;56;130;130;8.9;11.0;;;;
USW00023234;SAN FRANCISCO INTERNATIONAL AIRPORT, CA US;2017-10-24;3.80;;0.00;0.0;0;74;91;64;120;130;12.1;13.0;;;;
USW00023234;SAN FRANCISCO INTERNATIONAL AIRPORT, CA US;2017-10-25;4.25;;0.00;0.0;0;71;83;62;280;280;18.1;21.0;;;;
USW00023234;SAN FRANCISCO INTERNATIONAL AIRPORT, CA US;2017-10-26;4.25;;0.00;0.0;0;70;86;61;280;280;17.0;19.0;;;;
USW00023234;SAN FRANCISCO INTERNATIONAL AIRPORT, CA US;2017-10-27;8.72;;0.00;0.0;0;67;80;54;290;280;21.0;23.0;;;;
USW00023234;SAN FRANCISCO INTERNATIONAL AIRPORT, CA US;2017-10-28;11.41;;0.00;0.0;0;58;67;52;300;300;25.1;29.1;;;;
USW00023234;SAN FRANCISCO INTERNATIONAL AIRPORT, CA US;2017-10-29;7.61;;0.00;0.0;0;56;63;53;280;280;19.9;23.0;;;;
USW00023234;SAN FRANCISCO INTERNATIONAL AIRPORT, CA US;2017-10-30;12.75;;0.00;0.0;0;57;62;55;260;250;29.1;35.1;;;;
USW00023234;SAN FRANCISCO INTERNATIONAL AIRPORT, CA US;2017-10-31;6.49;;0.00;0.0;0;58;66;52;280;290;16.1;19.0;;;;
USW00023234;SAN FRANCISCO INTERNATIONAL AIRPORT, CA US;2017-11-01;7.38;;0.00;0.0;0;57;67;50;280;280;19.9;23.0;;;;
USW00023234;SAN FRANCISCO INTERNATIONAL AIRPORT, CA US;2017-11-02;5.37;;0.00;0.0;0;57;66;50;210;210;15.0;18.1;;;;
USW00023234;SAN FRANCISCO INTERNATIONAL AIRPORT, CA US;2017-11-03;9.17;;0.03;0.0;0;62;68;58;200;200;18.1;23.0;;;;1
USW00023234;SAN FRANCISCO INTERNATIONAL AIRPORT, CA US;2017-11-04;10.51;;0.45;0.0;0;60;61;50;270;270;21.9;23.9;1;;;
USW00023234;SAN FRANCISCO INTERNATIONAL AIRPORT, CA US;2017-11-05;8.05;;0.00;0.0;0;53;60;46;260;270;16.1;19.9;;;;
USW00023234;SAN FRANCISCO INTERNATIONAL AIRPORT, CA US;2017-11-06;5.59;;0.00;0.0;0;56;63;51;280;280;17.0;21.0;;;;
USW00023234;SAN FRANCISCO INTERNATIONAL AIRPORT, CA US;2017-11-07;3.58;;0.00;0.0;0;54;64;46;260;270;8.1;8.9;;;;
USW00023234;SAN FRANCISCO INTERNATIONAL AIRPORT, CA US;2017-11-08;9.62;;0.13;0.0;0;58;65;52;170;170;25.9;34.0;1;;;1
USW00023234;SAN FRANCISCO INTERNATIONAL AIRPORT, CA US;2017-11-09;6.26;;0.03;0.0;0;62;68;59;200;200;16.1;21.9;1;;;
USW00023234;SAN FRANCISCO INTERNATIONAL AIRPORT, CA US;2017-11-10;6.71;;0.01;0.0;0;60;65;55;230;220;15.0;19.0;;;;
USW00023234;SAN FRANCISCO INTERNATIONAL AIRPORT, CA US;2017-11-11;5.14;;0.00;0.0;0;59;64;54;260;270;14.1;15.0;;;;
USW00023234;SAN FRANCISCO INTERNATIONAL AIRPORT, CA US;2017-11-12;3.36;;0.00;0.0;0;56;63;50;140;150;8.9;13.0;;;;
USW00023234;SAN FRANCISCO INTERNATIONAL AIRPORT, CA US;2017-11-13;6.26;;0.00;0.0;0;60;67;55;220;220;14.1;17.0;;;;1
USW00023234;SAN FRANCISCO INTERNATIONAL AIRPORT, CA US;2017-11-14;6.26;;0.00;0.0;0;59;64;52;280;280;15.0;19.0;1;;;
USW00023234;SAN FRANCISCO INTERNATIONAL AIRPORT, CA US;2017-11-15;8.50;;0.12;0.0;0;57;65;54;180;190;28.0;38.0;1;;;
USW00023234;SAN FRANCISCO INTERNATIONAL AIRPORT, CA US;2017-11-16;8.05;;1.60;0.0;0;59;63;53;180;190;28.0;35.1;1;;;1
USW00023234;SAN FRANCISCO INTERNATIONAL AIRPORT, CA US;2017-11-17;8.28;;0.01;0.0;0;56;61;51;360;340;18.1;21.9;;;;
USW00023234;SAN FRANCISCO INTERNATIONAL AIRPORT, CA US;2017-11-18;4.03;;0.00;0.0;0;54;62;43;270;270;13.0;14.1;;;;
USW00023234;SAN FRANCISCO INTERNATIONAL AIRPORT, CA US;2017-11-19;2.91;;0.00;0.0;0;53;59;46;290;300;12.1;13.0;;;;
USW00023234;SAN FRANCISCO INTERNATIONAL AIRPORT, CA US;2017-11-20;3.13;;0.00;0.0;0;58;63;55;30;350;6.9;8.1;;;;1
USW00023234;SAN FRANCISCO INTERNATIONAL AIRPORT, CA US;2017-11-21;5.14;;0.00;0.0;0;60;66;55;90;90;13.0;14.1;;;;1
USW00023234;SAN FRANCISCO INTERNATIONAL AIRPORT, CA US;2017-11-22;3.58;;0.00;0.0;0;60;68;54;330;340;12.1;14.1;1;;;1
USW00023234;SAN FRANCISCO INTERNATIONAL AIRPORT, CA US;2017-11-23;3.80;;0.00;0.0;0;62;67;57;280;280;16.1;19.0;;;;
USW00023234;SAN FRANCISCO INTERNATIONAL AIRPORT, CA US;2017-11-24;5.59;;0.00;0.0;0;62;69;56;290;290;16.1;18.1;1;;;
USW00023234;SAN FRANCISCO INTERNATIONAL AIRPORT, CA US;2017-11-25;4.03;;0.00;0.0;0;61;68;56;180;180;21.0;23.9;;;;
USW00023234;SAN FRANCISCO INTERNATIONAL AIRPORT, CA US;2017-11-26;11.41;;0.18;0.0;0;64;67;53;270;280;32.0;40.9;1;;;1
USW00023234;SAN FRANCISCO INTERNATIONAL AIRPORT, CA US;2017-11-27;7.83;;0.21;0.0;0;57;60;50;270;290;25.1;33.1;1;;;
USW00023234;SAN FRANCISCO INTERNATIONAL AIRPORT, CA US;2017-11-28;6.71;;0.00;0.0;0;53;60;46;280;280;17.0;19.9;;;;
USW00023234;SAN FRANCISCO INTERNATIONAL AIRPORT, CA US;2017-11-29;3.58;;0.00;0.0;0;55;64;48;280;280;14.1;16.1;;;;
USW00023234;SAN FRANCISCO INTERNATIONAL AIRPORT, CA US;2017-11-30;4.92;;0.00;0.0;0;55;65;46;290;;15.0;;;;;
USW00023234;SAN FRANCISCO INTERNATIONAL AIRPORT, CA US;2017-12-01;6.49;1330;0.00;0.0;0;54;60;46;280;280;15.0;17.0;;;;
USW00023234;SAN FRANCISCO INTERNATIONAL AIRPORT, CA US;2017-12-02;4.92;2351;0.01;0.0;0;53;58;48;240;230;21.0;23.9;;;;
USW00023234;SAN FRANCISCO INTERNATIONAL AIRPORT, CA US;2017-12-03;10.29;21;0.02;0.0;0;55;57;49;350;290;21.9;27.1;;;;
USW00023234;SAN FRANCISCO INTERNATIONAL AIRPORT, CA US;2017-12-04;13.65;1512;0.00;0.0;0;55;62;51;30;20;31.1;36.9;;;;
USW00023234;SAN FRANCISCO INTERNATIONAL AIRPORT, CA US;2017-12-05;5.82;900;0.00;0.0;0;57;66;47;130;130;16.1;18.1;;;;
USW00023234;SAN FRANCISCO INTERNATIONAL AIRPORT, CA US;2017-12-06;5.82;741;0.00;0.0;0;53;62;42;80;70;16.1;18.1;;;;
USW00023234;SAN FRANCISCO INTERNATIONAL AIRPORT, CA US;2017-12-07;4.70;638;0.00;0.0;0;55;65;45;140;140;10.1;13.0;;;;
USW00023234;SAN FRANCISCO INTERNATIONAL AIRPORT, CA US;2017-12-08;2.24;1806;0.00;0.0;0;53;62;43;170;180;6.0;6.9;;;;
USW00023234;SAN FRANCISCO INTERNATIONAL AIRPORT, CA US;2017-12-09;2.91;1823;0.00;0.0;0;53;63;43;80;70;13.0;14.1;;;;
USW00023234;SAN FRANCISCO INTERNATIONAL AIRPORT, CA US;2017-12-10;3.58;911;0.00;0.0;0;53;63;42;140;140;10.1;12.1;;;;
USW00023234;SAN FRANCISCO INTERNATIONAL AIRPORT, CA US;2017-12-11;2.24;627;0.00;0.0;0;54;65;44;20;190;6.9;8.9;;;;
USW00023234;SAN FRANCISCO INTERNATIONAL AIRPORT, CA US;2017-12-12;2.46;1128;0.00;0.0;0;53;60;42;10;10;8.9;10.1;;;;
USW00023234;SAN FRANCISCO INTERNATIONAL AIRPORT, CA US;2017-12-13;4.47;2015;0.00;0.0;0;51;61;41;280;280;14.1;16.1;;;;
USW00023234;SAN FRANCISCO INTERNATIONAL AIRPORT, CA US;2017-12-14;2.46;1723;0.00;0.0;0;52;64;43;270;290;10.1;12.1;;;;
USW00023234;SAN FRANCISCO INTERNATIONAL AIRPORT, CA US;2017-12-15;5.59;1921;0.00;0.0;0;53;57;44;270;270;18.1;21.9;;;;
USW00023234;SAN FRANCISCO INTERNATIONAL AIRPORT, CA US;2017-12-16;16.78;1311;0.00;0.0;0;56;64;49;340;340;31.1;40.0;;;;
USW00023234;SAN FRANCISCO INTERNATIONAL AIRPORT, CA US;2017-12-17;7.61;2;0.00;0.0;0;58;63;48;350;360;21.0;25.9;;;;
USW00023234;SAN FRANCISCO INTERNATIONAL AIRPORT, CA US;2017-12-18;1.34;2148;0.00;0.0;0;52;61;44;320;320;6.9;6.9;;;;
USW00023234;SAN FRANCISCO INTERNATIONAL AIRPORT, CA US;2017-12-19;5.14;1636;0.00;0.0;0;51;60;43;270;270;17.0;19.0;;;;
USW00023234;SAN FRANCISCO INTERNATIONAL AIRPORT, CA US;2017-12-20;11.86;1403;0.04;;0;53;55;47;290;280;25.9;31.1;;;;
USW00023234;SAN FRANCISCO INTERNATIONAL AIRPORT, CA US;2017-12-21;8.05;642;0.00;0.0;0;50;56;40;360;10;21.9;25.9;;;;
USW00023234;SAN FRANCISCO INTERNATIONAL AIRPORT, CA US;2017-12-22;4.70;2121;0.00;0.0;0;46;53;38;60;50;14.1;16.1;;;;
USW00023234;SAN FRANCISCO INTERNATIONAL AIRPORT, CA US;2017-12-23;2.68;426;0.00;0.0;0;49;53;43;40;40;8.9;10.1;;;;
USW00023234;SAN FRANCISCO INTERNATIONAL AIRPORT, CA US;2017-12-24;2.91;922;0.00;0.0;0;51;53;47;340;360;10.1;13.0;;;;
USW00023234;SAN FRANCISCO INTERNATIONAL AIRPORT, CA US;2017-12-25;2.68;1331;0.00;0.0;0;51;57;44;10;10;8.9;10.1;;;;
USW00023234;SAN FRANCISCO INTERNATIONAL AIRPORT, CA US;2017-12-26;6.26;1831;0.00;0.0;0;52;58;43;280;270;21.9;23.9;;;;
USW00023234;SAN FRANCISCO INTERNATIONAL AIRPORT, CA US;2017-12-27;2.24;1326;0.00;0.0;0;49;56;43;280;20;8.9;11.0;;;;
USW00023234;SAN FRANCISCO INTERNATIONAL AIRPORT, CA US;2017-12-28;1.79;1412;0.00;0.0;0;51;57;43;30;20;8.9;10.1;;;;
USW00023234;SAN FRANCISCO INTERNATIONAL AIRPORT, CA US;2017-12-29;2.46;1004;0.00;0.0;0;51;56;44;140;130;8.9;11.0;;;;
USW00023234;SAN FRANCISCO INTERNATIONAL AIRPORT, CA US;2017-12-30;2.46;925;0.00;0.0;0;51;59;43;20;10;6.9;10.1;;;;
USW00023234;SAN FRANCISCO INTERNATIONAL AIRPORT, CA US;2017-12-31;2.46;854;0.00;0.0;0;51;57;45;50;10;8.1;8.9;;;;
USW00023234;SAN FRANCISCO INTERNATIONAL AIRPORT, CA US;2018-01-01;1.79;1043;0.00;0.0;0;52;58;45;350;40;6.9;10.1;;;;
USW00023234;SAN FRANCISCO INTERNATIONAL AIRPORT, CA US;2018-01-02;2.46;2343;0.00;0.0;0;54;59;50;150;150;8.1;11.0;;;;
USW00023234;SAN FRANCISCO INTERNATIONAL AIRPORT, CA US;2018-01-03;2.91;1501;0.30;0.0;0;55;58;51;150;140;12.1;14.1;;;;
USW00023234;SAN FRANCISCO INTERNATIONAL AIRPORT, CA US;2018-01-04;6.04;1939;0.03;0.0;0;54;63;52;180;180;19.9;21.9;;;;
USW00023234;SAN FRANCISCO INTERNATIONAL AIRPORT, CA US;2018-01-05;5.59;1343;0.19;0.0;0;59;64;53;280;270;19.9;21.9;;;;
USW00023234;SAN FRANCISCO INTERNATIONAL AIRPORT, CA US;2018-01-06;7.16;1519;0.00;0.0;0;54;58;48;280;290;15.0;18.1;;;;
USW00023234;SAN FRANCISCO INTERNATIONAL AIRPORT, CA US;2018-01-07;2.46;528;0.00;0.0;0;51;53;47;140;150;8.1;8.9;;;;
USW00023234;SAN FRANCISCO INTERNATIONAL AIRPORT, CA US;2018-01-08;3.58;2345;3.12;0.0;0;53;58;51;350;350;10.1;11.0;;;;
USW00023234;SAN FRANCISCO INTERNATIONAL AIRPORT, CA US;2018-01-09;17.90;1647;0.42;0.0;0;56;58;52;290;280;36.9;46.1;;;;
USW00023234;SAN FRANCISCO INTERNATIONAL AIRPORT, CA US;2018-01-10;9.17;307;0.00;0.0;0;54;58;51;280;280;29.1;34.0;;;;
USW00023234;SAN FRANCISCO INTERNATIONAL AIRPORT, CA US;2018-01-11;5.37;1954;0.00;0.0;0;55;58;52;280;280;13.0;16.1;;;;
USW00023234;SAN FRANCISCO INTERNATIONAL AIRPORT, CA US;2018-01-12;2.68;934;0.00;0.0;0;53;55;50;20;20;10.1;11.0;;;;
USW00023234;SAN FRANCISCO INTERNATIONAL AIRPORT, CA US;2018-01-13;6.71;2307;0.00;0.0;0;53;60;46;70;70;15.0;16.1;;;;
USW00023234;SAN FRANCISCO INTERNATIONAL AIRPORT, CA US;2018-01-14;6.04;133;0.00;0.0;0;53;56;48;80;80;17.0;19.0;;;;
USW00023234;SAN FRANCISCO INTERNATIONAL AIRPORT, CA US;2018-01-15;4.70;646;0.00;0.0;0;53;58;48;20;30;14.1;14.1;;;;
USW00023234;SAN FRANCISCO INTERNATIONAL AIRPORT, CA US;2018-01-16;4.70;1348;0.00;0.0;0;56;59;55;360;360;12.1;13.0;;;;